City_ID,City,Country,Lat,Lng,Max Temp,Humidity,Cloudiness,Wind Speed,Current Description
0,Punta Arenas,CL,-53.15,-70.9167,55.11,62,75,11.5,broken clouds
1,Kahului,US,20.8947,-156.47,75.85,73,40,12.66,scattered clouds
2,Puerto Ayora,EC,-0.7393,-90.3518,76.96,86,100,5.19,light rain
3,Anadyr,RU,64.75,177.4833,7.3,84,40,6.71,light snow
4,Faanui,PF,-16.4833,-151.75,82.27,72,100,12.37,overcast clouds
5,Dalvik,IS,65.9702,-18.5286,41.22,80,100,16.69,overcast clouds
6,San Patricio,US,28.017,-97.5169,66.88,81,52,7.65,broken clouds
7,Tuktoyaktuk,CA,69.4541,-133.0374,-11.79,91,5,11.61,clear sky
8,Ushuaia,AR,-54.8,-68.3,60.46,44,100,26.46,overcast clouds
9,Bambous Virieux,MU,-20.3428,57.7575,86.25,70,75,11.5,broken clouds
10,Saint George,US,37.1041,-113.5841,64.94,20,0,10.36,clear sky
11,Clyde River,CA,70.4692,-68.5914,-7.37,77,100,8.05,light snow
12,Cherskiy,RU,68.75,161.3,-6.43,99,100,2.19,overcast clouds
13,Sedkyrkeshch,RU,61.75,50.9167,26.87,54,100,13.42,overcast clouds
14,Hilo,US,19.7297,-155.09,73.13,78,0,8.05,clear sky
15,Victoria,HK,22.2855,114.1577,84.25,88,42,10.0,scattered clouds
16,Chokurdakh,RU,70.6333,147.9167,3.36,95,100,13.76,light snow
17,The Valley,AI,18.217,-63.0578,76.86,76,4,18.72,clear sky
18,Nanortalik,GL,60.1432,-45.2371,23.68,82,7,7.29,clear sky
19,Busselton,AU,-33.65,115.3333,71.64,84,87,12.48,light rain
20,Pemangkat,ID,1.1667,108.9667,85.55,69,31,10.22,scattered clouds
21,Pevek,RU,69.7008,170.3133,-8.52,99,70,2.68,broken clouds
22,La Ronge,CA,55.1001,-105.2842,-12.5,97,6,3.53,clear sky
23,Fairbanks,US,64.8378,-147.7164,28.09,75,75,5.75,broken clouds
24,Sao Joao Da Barra,BR,-21.6403,-41.0511,76.23,91,87,16.02,overcast clouds
25,Iqaluit,CA,63.7506,-68.5145,20.93,92,100,18.01,overcast clouds
26,Sioux Lookout,CA,50.1001,-91.917,7.48,90,100,13.02,overcast clouds
27,Kaitangata,NZ,-46.2817,169.8464,55.35,91,33,5.23,scattered clouds
28,Kapaa,US,22.0752,-159.319,73.38,70,75,20.71,broken clouds
29,Kasempa,ZM,-13.4584,25.8338,71.46,86,79,5.19,light rain
30,Belaya Gora,RU,68.5333,146.4167,8.13,88,100,11.99,overcast clouds
31,Kijang,KR,35.2442,129.2139,64.0,63,36,12.19,scattered clouds
32,Rikitea,PF,-23.1203,-134.9692,79.61,75,0,18.05,clear sky
33,Port Lincoln,AU,-34.7333,135.8667,69.42,53,0,9.8,clear sky
34,Albany,US,42.6001,-73.9662,40.35,84,100,1.01,overcast clouds
35,Denpasar,ID,-8.65,115.2167,87.46,79,20,10.36,few clouds
36,Aniva,RU,46.7144,142.5294,35.71,100,100,4.65,snow
37,Cidreira,BR,-30.1811,-50.2056,62.62,84,2,11.21,clear sky
38,Hamilton,US,39.1834,-84.5333,39.31,75,0,12.66,clear sky
39,Lompoc,US,34.6391,-120.4579,53.78,94,100,5.75,mist
40,Broome,US,42.2506,-75.833,38.66,86,100,5.75,light rain
41,Yokadouma,CM,3.5167,15.05,81.1,51,64,2.35,broken clouds
42,Vardo,NO,70.3705,31.1107,25.25,60,100,23.38,light snow
43,Yellowknife,CA,62.456,-114.3525,-29.76,100,65,5.77,broken clouds
44,Candolim,IN,15.5181,73.7626,84.43,73,19,11.86,few clouds
45,Burnie,AU,-41.0667,145.9167,64.11,72,4,5.12,clear sky
46,Boulder City,US,35.9786,-114.8325,76.59,18,0,0.0,clear sky
47,Carnarvon,AU,-24.8667,113.6333,84.27,61,40,16.11,scattered clouds
48,Atuona,PF,-9.8,-139.0333,79.23,77,33,20.85,scattered clouds
49,Sabang,ID,5.8933,95.3214,83.35,69,0,5.1,clear sky
50,Port Macquarie,AU,-31.4333,152.9167,66.88,81,95,9.22,light rain
51,Nhulunbuy,AU,-12.2333,136.7667,84.81,70,100,11.5,light rain
52,Jamestown,US,42.097,-79.2353,38.79,73,100,6.91,mist
53,Upernavik,GL,72.7868,-56.1549,-0.67,95,100,7.31,overcast clouds
54,Santa Rosa,PH,14.3122,121.1114,93.11,56,12,14.36,few clouds
55,Lasa,IT,46.6166,10.7002,43.02,72,6,1.12,clear sky
56,Tual,ID,-5.6667,132.75,81.75,79,100,15.03,overcast clouds
57,Svetlaya,RU,46.5389,138.3297,33.04,99,100,10.87,light snow
58,Mar Del Plata,AR,-38.0023,-57.5575,65.08,95,100,17.0,overcast clouds
59,Urengoy,RU,65.9667,78.3667,18.03,93,100,22.35,light snow
60,Fortuna,US,40.5982,-124.1573,46.65,94,0,5.75,clear sky
61,Port Elizabeth,ZA,-33.918,25.5701,70.09,69,0,4.61,clear sky
62,Padang,ID,-0.9492,100.3543,87.85,57,29,7.58,scattered clouds
63,Inuvik,CA,68.3499,-133.7218,-13.81,96,8,7.07,clear sky
64,Faya,SA,18.3851,42.4509,68.52,23,5,4.92,clear sky
65,Kakanj,BA,44.1272,18.1181,34.99,57,0,1.7,clear sky
66,Alofi,NU,-19.0595,-169.9187,81.34,76,100,13.38,light rain
67,Hobart,AU,-42.8794,147.3294,73.27,49,20,11.5,few clouds
68,Mataura,NZ,-46.1927,168.8643,53.24,93,9,2.64,clear sky
69,Mahebourg,MU,-20.4081,57.7,86.29,70,75,11.5,broken clouds
70,Kulu,TR,39.0951,33.0799,33.71,82,100,11.7,snow
71,Novoanninskiy,RU,50.5287,42.6747,30.97,95,66,9.64,broken clouds
72,Bluff,NZ,-46.6,168.3333,58.32,76,9,6.33,clear sky
73,Manzhouli,CN,49.6,117.4333,32.59,28,9,17.76,clear sky
74,Nadym,RU,65.5333,72.5167,10.54,78,12,11.56,few clouds
75,Khatanga,RU,71.9667,102.5,9.77,89,28,8.81,scattered clouds
76,Cape Town,ZA,-33.9258,18.4232,67.12,67,0,6.73,clear sky
77,Vaini,TO,-21.2,-175.2,75.36,83,20,4.61,few clouds
78,Kandrian,PG,-6.2167,149.55,85.35,72,87,11.01,light rain
79,Srednekolymsk,RU,67.45,153.6833,8.64,91,100,17.11,overcast clouds
80,Bredasdorp,ZA,-34.5322,20.0403,66.4,68,69,12.71,broken clouds
81,Ramhormoz,IR,31.28,49.6035,70.0,18,0,12.62,clear sky
82,Hithadhoo,MV,-0.6,73.0833,83.95,68,7,13.71,clear sky
83,Vila Franca Do Campo,PT,37.7167,-25.4333,59.41,93,100,27.67,overcast clouds
84,Qaanaaq,GL,77.484,-69.3632,4.53,85,100,5.99,overcast clouds
85,Fuyang,CN,32.9,115.8167,62.64,46,100,4.45,overcast clouds
86,Aklavik,CA,68.2191,-135.0107,-13.4,99,14,8.23,few clouds
87,Sola,VU,-13.8833,167.55,82.62,72,88,7.49,overcast clouds
88,Kodiak,US,57.79,-152.4072,35.11,87,75,3.44,broken clouds
89,Nouadhibou,MR,20.931,-17.0347,60.98,74,22,14.18,few clouds
90,East London,ZA,-33.0153,27.9116,64.87,90,100,4.03,moderate rain
91,New Norfolk,AU,-42.7826,147.0587,72.91,43,0,1.99,clear sky
92,Pascagoula,US,30.3658,-88.5561,55.42,82,0,0.0,clear sky
93,Avarua,CK,-21.2078,-159.775,77.05,94,75,8.05,haze
94,Salalah,OM,17.0151,54.0924,86.49,31,4,8.75,clear sky
95,Gao,ML,16.6362,1.637,79.59,13,53,13.42,broken clouds
96,Bethel,US,41.3712,-73.414,48.49,71,100,3.0,overcast clouds
97,Kashi,CN,39.4547,75.9797,56.64,35,7,4.85,clear sky
98,Embonas,GR,36.2269,27.8564,55.53,64,0,10.45,clear sky
99,Ketchikan,US,55.3422,-131.6461,40.98,100,100,4.61,light rain
100,Iguai,BR,-14.7564,-40.0892,70.36,92,99,0.49,overcast clouds
101,Sabha,LY,27.0377,14.4283,57.04,23,0,20.49,clear sky
102,Viedma,AR,-40.8135,-62.9967,55.96,80,19,4.59,few clouds
103,Butaritari,KI,3.0707,172.7902,80.98,71,100,9.22,overcast clouds
104,Inyonga,TZ,-6.7167,32.0667,74.5,69,0,4.7,clear sky
105,Russell,US,32.3502,-85.1999,52.83,81,0,0.0,clear sky
106,Asyut,EG,27.181,31.1837,59.47,39,0,13.51,clear sky
107,Christchurch,NZ,-43.5333,172.6333,60.01,77,12,11.5,few clouds
108,Hermanus,ZA,-34.4187,19.2345,65.8,77,0,11.92,clear sky
109,Nabire,ID,-3.3667,135.4833,85.35,63,84,5.12,broken clouds
110,Kudahuvadhoo,MV,2.6708,72.8944,82.18,68,0,7.72,clear sky
111,Katsuura,JP,35.1333,140.3,63.1,85,100,29.06,light rain
112,Bihar,RO,47.15,21.9167,46.17,53,0,4.61,clear sky
113,Hofn,IS,64.2539,-15.2082,39.02,91,100,4.61,overcast clouds
114,Richards Bay,ZA,-28.783,32.0377,72.82,81,59,6.44,light rain
115,Nishihara,JP,26.1842,127.7558,75.25,97,100,26.46,shower rain
116,Narsaq,GL,60.9167,-46.05,25.02,71,36,8.43,scattered clouds
117,Tiksi,RU,71.6872,128.8694,-0.98,99,45,2.21,scattered clouds
118,Saskylakh,RU,71.9167,114.0833,1.24,96,96,3.94,overcast clouds
119,Kanniyakumari,IN,8.0833,77.5667,83.82,68,28,8.93,scattered clouds
120,Guerrero Negro,MX,27.9769,-114.0611,61.79,74,87,4.94,overcast clouds
121,Nikolskoye,RU,59.7035,30.7861,35.49,89,99,14.99,light snow
122,Maningrida,AU,-12.0667,134.2667,84.04,73,100,7.92,overcast clouds
123,Hedaru,TZ,-4.5,37.9,81.18,63,72,3.83,broken clouds
124,Lancaster,US,40.2504,-76.2499,46.78,86,38,7.25,scattered clouds
125,Bundoran,IE,54.4778,-8.2809,45.63,83,0,6.49,clear sky
126,Oxford,GB,51.7522,-1.256,43.77,88,0,4.61,clear sky
127,Karratha,AU,-20.7377,116.8463,91.18,52,29,18.41,scattered clouds
128,Vyartsilya,RU,62.1764,30.693,27.14,92,100,14.34,light snow
129,Bathsheba,BB,13.2167,-59.5167,77.61,78,75,18.41,broken clouds
130,Castro,BR,-24.7911,-50.0119,64.06,97,100,2.98,overcast clouds
131,Constitucion,CL,-35.3333,-72.4167,50.61,89,4,3.65,clear sky
132,Athabasca,CA,54.7169,-113.2854,19.4,92,100,10.25,light snow
133,Dauphin,CA,51.1494,-100.0502,7.21,95,99,5.14,overcast clouds
134,Norman Wells,CA,65.282,-126.8329,-4.95,97,80,4.5,broken clouds
135,Chimore,BO,-16.9833,-65.1333,63.01,99,100,0.96,overcast clouds
136,Urucara,BR,-2.5364,-57.76,73.44,95,62,1.16,broken clouds
137,Ilulissat,GL,69.2167,-51.1,14.02,85,75,2.3,broken clouds
138,Dingle,PH,10.9995,122.6711,90.68,49,6,12.44,clear sky
139,Salinopolis,BR,-0.6136,-47.3561,77.18,88,93,7.72,overcast clouds
140,Klaksvik,FO,62.2266,-6.589,45.52,93,100,8.7,overcast clouds
141,Ribeira Grande,PT,38.5167,-28.7,57.65,83,100,27.51,overcast clouds
142,Souillac,MU,-20.5167,57.5167,86.38,70,75,11.5,broken clouds
143,Chuy,UY,-33.6971,-53.4616,56.59,93,66,11.1,broken clouds
144,Tessalit,ML,20.1986,1.0114,80.31,11,78,21.7,broken clouds
145,Mapiripan,CO,2.8892,-72.1256,74.07,94,100,0.67,overcast clouds
146,Davila,PH,18.4726,120.5763,84.45,71,7,10.31,clear sky
147,Kruisfontein,ZA,-34.0033,24.7314,61.88,67,23,7.96,few clouds
148,Vostok,RU,46.4856,135.8833,33.82,100,100,3.06,light snow
149,Nuuk,GL,64.1835,-51.7216,21.81,79,100,2.3,overcast clouds
150,Fare,PF,-16.7,-151.0167,82.09,72,73,14.18,broken clouds
151,Beringovskiy,RU,63.05,179.3167,2.46,100,27,4.74,scattered clouds
152,Port Hardy,CA,50.6996,-127.4199,44.31,91,100,4.92,light rain
153,Zhangye,CN,38.9342,100.4517,47.32,20,88,2.24,overcast clouds
154,Olinda,BR,-8.0089,-34.8553,76.73,94,20,3.44,few clouds
155,Port Alfred,ZA,-33.5906,26.891,65.17,90,58,6.2,broken clouds
156,Japura,ID,-0.3167,102.35,97.54,38,52,3.2,broken clouds
157,Bara,NG,10.3744,10.7288,80.51,17,19,15.48,few clouds
158,Najran,SA,17.4924,44.1277,80.64,14,0,11.27,clear sky
159,Saint Anthony,US,45.0205,-93.218,24.73,61,75,25.32,broken clouds
160,Huntington,US,38.4193,-82.4452,40.98,83,100,6.91,overcast clouds
161,Mendi,PG,-6.1761,143.6513,60.93,96,100,0.87,overcast clouds
162,Shingu,JP,33.7333,135.9833,63.1,97,100,14.81,heavy intensity rain
163,Tasiilaq,GL,65.6145,-37.6368,24.96,95,100,4.83,overcast clouds
164,Thompson,CA,55.7435,-97.8558,-14.31,88,57,10.27,broken clouds
165,Tazovskiy,RU,67.4667,78.7,20.75,93,100,9.86,light snow
166,Bhunya,SZ,-26.55,31.0167,66.6,87,100,1.03,overcast clouds
167,Travesia,HN,15.8667,-87.9,71.89,81,100,11.81,overcast clouds
168,Georgetown,MY,5.4112,100.3354,93.13,59,20,11.5,few clouds
169,Nome,US,64.5011,-165.4064,14.07,85,0,0.0,clear sky
170,Torbay,CA,47.6666,-52.7314,30.27,94,100,13.8,overcast clouds
171,Saint-Philippe,RE,-21.3585,55.7679,86.11,72,0,7.36,clear sky
172,Wainwright,CA,52.839,-110.8572,16.97,87,100,12.28,overcast clouds
173,Te Anau,NZ,-45.4167,167.7167,59.07,81,37,4.27,scattered clouds
174,Namibe,AO,-15.1961,12.1522,74.98,63,100,7.85,overcast clouds
175,Auki,SB,-8.7676,160.7034,78.71,89,100,8.46,overcast clouds
176,Huarmey,PE,-10.0681,-78.1522,70.2,84,100,7.65,overcast clouds
177,Cabo San Lucas,MX,22.8909,-109.9124,73.51,52,2,6.02,clear sky
178,Jonesboro,US,35.8423,-90.7043,47.79,40,0,8.01,clear sky
179,Puri,IN,19.8,85.85,93.72,72,55,18.28,broken clouds
180,Provideniya,RU,64.3833,-173.3,8.47,93,6,3.31,clear sky
181,Lorengau,PG,-2.0226,147.2712,82.71,78,100,8.16,overcast clouds
182,Isangel,VU,-19.55,169.2667,78.89,75,49,10.98,scattered clouds
183,Toyooka,JP,35.5333,134.8333,63.73,86,100,20.27,light rain
184,Elizabeth City,US,36.2946,-76.2511,55.42,68,0,10.36,clear sky
185,Kavieng,PG,-2.5744,150.7967,83.62,69,100,6.6,overcast clouds
186,Sitka,US,57.0531,-135.33,37.29,81,0,5.75,clear sky
187,Gat,IL,31.61,34.7642,59.4,100,0,4.99,clear sky
188,Primo Tapia,MX,32.22,-116.9172,68.88,72,100,5.73,overcast clouds
189,Mount Isa,AU,-20.7333,139.5,87.57,35,40,11.5,scattered clouds
190,Vilhena,BR,-12.7406,-60.1458,67.95,99,100,2.77,overcast clouds
191,Diplo,PK,24.4667,69.584,101.62,8,0,9.01,clear sky
192,Saint-Leu,RE,-21.15,55.2833,86.83,72,3,4.74,clear sky
193,Meulaboh,ID,4.1363,96.1285,85.69,66,29,6.49,scattered clouds
194,Safford,US,32.834,-109.7076,58.12,14,0,3.44,clear sky
195,Krasnoselkup,RU,65.7,82.4667,28.04,93,100,7.14,light snow
196,Bereznik,RU,62.8551,42.7072,28.92,95,100,12.03,light snow
197,Leningradskiy,RU,69.3833,178.4167,-4.25,95,85,4.92,overcast clouds
198,Sao Tome,ST,0.3365,6.7273,82.27,78,85,3.53,light rain
199,Kupang,ID,-10.1667,123.5833,83.88,74,40,6.13,scattered clouds
200,South Lake Tahoe,US,38.9332,-119.9844,54.27,48,0,8.05,clear sky
201,Dikson,RU,73.5069,80.5464,17.2,83,100,11.41,overcast clouds
202,Gazimurskiy Zavod,RU,51.5461,118.3266,29.71,86,100,7.23,snow
203,Cartagena,CO,10.3997,-75.5144,79.0,83,100,13.82,overcast clouds
204,Samarai,PG,-10.6167,150.6667,83.73,78,100,9.08,heavy intensity rain
205,Barrow,US,71.2906,-156.7887,-0.38,78,100,20.71,haze
206,Luanda,AO,-8.8368,13.2343,80.06,82,100,2.04,overcast clouds
207,Karaton,ID,-6.3424,106.1045,82.29,77,88,4.59,overcast clouds
208,Praia Da Vitoria,PT,38.7333,-27.0667,59.76,98,100,4.9,overcast clouds
209,Hambantota,LK,6.1241,81.1185,84.34,68,100,10.65,overcast clouds
210,Roald,NO,62.5833,6.1333,43.75,60,75,9.22,broken clouds
211,Am Timan,TD,11.0297,20.2827,82.35,10,31,14.56,scattered clouds
212,Ushtobe,KZ,45.2514,77.9838,57.92,30,100,12.44,overcast clouds
213,Quelimane,MZ,-17.8786,36.8883,82.92,77,9,5.23,clear sky
214,Wagar,SD,16.1525,36.2032,74.34,42,5,15.39,clear sky
215,Esperance,AU,-33.8667,121.9,74.53,57,100,11.43,moderate rain
216,Sao Filipe,CV,14.8961,-24.4956,69.06,73,99,2.48,overcast clouds
217,Santa Cruz,BO,-17.8,-63.1667,62.06,88,75,4.61,broken clouds
218,Hojai,IN,26.0,92.8667,93.51,32,2,8.88,clear sky
219,Walvis Bay,NA,-22.9575,14.5053,64.18,79,2,4.47,clear sky
220,Airai,TL,-8.9266,125.4092,68.5,81,78,2.17,broken clouds
221,Rio Grande,BR,-32.035,-52.0986,60.94,73,99,17.38,overcast clouds
222,Hasaki,JP,35.7333,140.8333,64.8,82,100,30.36,overcast clouds
223,Asau,RO,46.4333,26.4,49.95,37,1,4.72,clear sky
224,Hualmay,PE,-11.0964,-77.6139,69.12,86,98,6.6,overcast clouds
225,Hami,CN,42.8,93.45,50.5,19,100,2.46,overcast clouds
226,Formosa Do Rio Preto,BR,-11.0483,-45.1931,74.07,71,100,3.56,overcast clouds
227,Huaicheng,CN,23.9051,112.1931,78.94,70,87,3.96,overcast clouds
228,Bengkulu,ID,-3.8004,102.2655,86.0,62,96,10.87,overcast clouds
229,Shakawe,BW,-18.3667,21.85,73.17,74,6,2.46,clear sky
230,Gerash,IR,27.6652,54.1371,78.51,10,0,11.27,clear sky
231,Mehran,IR,33.1222,46.1646,59.97,40,0,6.91,clear sky
232,Cockburn Town,TC,21.4612,-71.1419,77.61,76,43,16.11,scattered clouds
233,Xiaoweizhai,CN,26.1903,107.5125,51.48,89,100,6.85,overcast clouds
234,Nantucket,US,41.2835,-70.0995,45.0,82,75,10.36,broken clouds
235,Maturin,VE,9.75,-63.1767,70.0,98,87,4.03,overcast clouds
236,Oktyabrskoye,RU,43.0645,44.7417,39.34,65,75,11.18,broken clouds
237,Akdepe,TM,42.0551,59.3788,50.99,48,5,25.66,clear sky
238,Byron Bay,AU,-28.65,153.6167,68.94,88,100,7.16,light rain
239,Anju,KP,39.6178,125.6647,57.51,40,6,17.9,clear sky
240,Barra Dos Coqueiros,BR,-10.9089,-37.0386,75.22,94,40,0.0,scattered clouds
241,Pacific Grove,US,36.6177,-121.9166,51.91,88,0,5.75,clear sky
242,Coquimbo,CL,-29.9533,-71.3436,58.73,94,100,3.44,overcast clouds
243,Ponta Do Sol,PT,32.6667,-17.1,62.01,82,98,3.67,overcast clouds
244,Ancud,CL,-41.8697,-73.8203,53.22,93,8,3.02,clear sky
245,Pangai,TO,-19.8,-174.35,80.71,75,45,15.43,scattered clouds
246,Kendari,ID,-3.945,122.4989,89.69,55,91,2.62,overcast clouds
247,Hermosillo,MX,29.0667,-110.9667,73.69,22,40,3.0,scattered clouds
248,Tuatapere,NZ,-46.1333,167.6833,56.32,86,83,3.18,broken clouds
249,Khuzhir,RU,53.1939,107.3397,31.33,48,96,8.19,overcast clouds
250,Ko Samui,TH,9.5357,99.9357,84.76,69,1,5.23,clear sky
251,Kyaka,TZ,-1.2522,31.4203,66.13,89,100,3.11,overcast clouds
252,Tilichiki,RU,60.4667,166.1,16.79,87,100,7.56,overcast clouds
253,Arraial Do Cabo,BR,-22.9661,-42.0278,76.28,93,17,22.32,few clouds
254,Gari,RU,59.4307,62.3497,24.3,63,100,12.12,overcast clouds
255,Dosso,NE,13.049,3.1937,81.48,12,99,15.73,overcast clouds
256,Sayansk,RU,54.1088,102.1648,28.36,73,63,10.58,broken clouds
257,Teknaf,BD,20.8624,92.3058,86.65,61,7,8.61,clear sky
258,Buraydah,SA,26.326,43.975,62.65,21,0,15.79,clear sky
259,Broken Hill,AU,-31.95,141.4333,81.91,27,2,15.59,clear sky
260,Cairns,AU,-16.9167,145.7667,81.07,86,100,9.22,overcast clouds
261,Isperih,BG,43.7167,26.8333,41.9,63,5,8.77,clear sky
262,Alta Floresta,BR,-9.8756,-56.0861,69.85,98,99,1.48,overcast clouds
263,Puerto Colombia,CO,10.9878,-74.9547,78.89,85,100,20.09,overcast clouds
264,Pointe-Noire,CG,-4.7761,11.8635,77.52,88,100,5.77,overcast clouds
265,Boysun,UZ,38.2061,67.1986,67.68,27,99,9.17,overcast clouds
266,Touho,NC,-20.7833,165.2333,79.54,72,84,11.92,broken clouds
267,Mananjary,MG,-21.2167,48.3333,84.52,68,10,6.73,clear sky
268,Shahr-E Babak,IR,30.1165,55.1186,66.88,13,0,26.57,clear sky
269,Waingapu,ID,-9.6567,120.2641,84.61,72,12,4.52,few clouds
270,Sao Sebastiao,BR,-23.76,-45.4097,76.73,82,100,2.35,overcast clouds
271,Manta,EC,-0.95,-80.7333,76.78,88,75,6.91,broken clouds
272,Borsa,RO,47.6553,24.6633,43.03,62,6,3.24,clear sky
273,Roma,US,43.2128,-75.4557,38.82,93,100,0.0,overcast clouds
274,Ramgarh,IN,23.6333,85.5167,95.05,8,11,17.27,few clouds
275,Kaseda,JP,31.4167,130.3167,63.91,82,82,20.36,broken clouds
276,Maple Creek,CA,49.9168,-109.4848,33.33,60,100,15.88,overcast clouds
277,Saldanha,ZA,-33.0117,17.9442,63.84,66,4,6.82,clear sky
278,Prince Rupert,CA,54.3161,-130.3201,42.44,90,100,4.52,overcast clouds
279,Marsh Harbour,BS,26.5412,-77.0636,71.08,53,100,11.36,overcast clouds
280,Port Blair,IN,11.6667,92.75,86.04,66,20,5.75,haze
281,Poya,NC,-21.35,165.15,77.67,81,98,6.13,overcast clouds
282,Bilibino,RU,68.0546,166.4372,1.96,95,100,3.83,overcast clouds
283,Moose Factory,CA,51.2585,-80.6094,30.18,93,100,5.75,mist
284,Erie,US,42.7667,-78.6664,39.25,84,52,5.01,broken clouds
285,Coahuayana,MX,18.7333,-103.6833,66.24,64,26,3.96,scattered clouds
286,Omsukchan,RU,62.5333,155.8,4.71,90,99,4.7,overcast clouds
287,Ittre,BE,50.644,4.2648,44.73,83,3,7.7,clear sky
288,Launceston,AU,-41.45,147.1667,71.24,62,5,14.97,clear sky
289,Kirakira,SB,-10.4544,161.9205,81.0,84,100,6.35,light rain
290,Filingue,NE,14.3521,3.3168,80.56,12,47,15.86,scattered clouds
291,Pangnirtung,CA,66.1451,-65.7125,16.47,94,100,6.8,light snow
292,Luderitz,NA,-26.6481,15.1594,64.62,66,0,7.76,clear sky
293,Zonguldak,TR,41.25,31.8333,32.85,99,100,4.23,overcast clouds
294,Ascension,US,30.2169,-90.9001,54.07,82,0,0.0,clear sky
295,Camacha,PT,33.0833,-16.3333,53.02,82,20,0.0,few clouds
296,Odweyne,SO,9.4092,45.064,80.74,39,15,6.15,few clouds
297,Deputatskiy,RU,69.3,139.9,-0.83,93,31,6.44,scattered clouds
298,Aberystwyth,GB,52.4155,-4.0829,45.82,79,0,8.34,clear sky
299,Kampot,KH,10.6167,104.1833,89.65,56,7,7.05,clear sky
300,Greenfield,US,42.9614,-88.0126,33.94,73,100,12.66,overcast clouds
301,Kalmunai,LK,7.4167,81.8167,85.35,70,51,10.78,broken clouds
302,Atambua,ID,-9.1061,124.8925,80.38,77,52,2.68,broken clouds
303,Rabo De Peixe,PT,37.8,-25.5833,58.51,94,75,27.63,broken clouds
304,Yar-Sale,RU,66.8333,70.8333,4.33,82,18,1.48,few clouds
305,Geraldton,AU,-28.7667,114.6,82.81,65,40,16.11,scattered clouds
306,Nea Playia,GR,40.2667,23.2,58.37,58,0,12.73,clear sky
307,Longyearbyen,SJ,78.2186,15.6401,3.04,72,20,5.75,few clouds
308,Kitui,KE,-1.367,38.0106,76.82,54,3,5.21,clear sky
309,Dzaoudzi,YT,-12.7887,45.2699,87.69,70,0,5.75,clear sky
310,Lujan,AR,-34.5703,-59.105,62.31,93,86,3.0,overcast clouds
311,Hakui,JP,36.8833,136.7833,64.69,77,100,8.05,moderate rain
312,Half Moon Bay,US,37.4636,-122.4286,52.79,83,0,6.91,clear sky
313,Letpadan,MM,17.7833,95.75,100.89,22,6,3.96,clear sky
314,San Pedro,PH,14.35,121.0167,92.35,56,20,13.69,few clouds
315,Kalanchak,UA,46.2562,33.2907,47.7,44,0,5.77,clear sky
316,Aygut,AM,40.6833,45.1729,32.81,84,24,3.94,few clouds
317,Stanger,ZA,-29.3282,31.2895,71.53,76,100,6.08,overcast clouds
318,Horta,PT,38.5333,-28.6333,56.77,84,100,25.03,overcast clouds
319,Ishigaki,JP,24.3448,124.1572,75.94,95,26,12.48,light rain
320,Baruun-Urt,MN,46.6806,113.2792,32.38,15,100,20.87,overcast clouds
321,Agirish,RU,61.9247,63.0231,24.31,68,86,10.76,overcast clouds
322,Bedele,ET,8.456,36.353,75.88,35,7,5.46,clear sky
323,Noumea,NC,-22.2763,166.4572,78.78,70,95,13.27,overcast clouds
324,Diego De Almagro,CL,-26.3667,-70.05,58.53,54,0,2.55,clear sky
325,Delta Del Tigre,UY,-34.7633,-56.3853,63.19,95,100,1.99,overcast clouds
326,Caldwell,US,43.6629,-116.6874,56.17,58,0,0.0,clear sky
327,Edd,ER,13.9297,41.6925,79.14,68,98,14.45,overcast clouds
328,Seminole,US,28.7086,-81.2081,62.96,84,0,8.05,clear sky
329,Anloga,GH,5.7947,0.8973,82.56,84,100,10.92,overcast clouds
330,Coihaique,CL,-45.5752,-72.0662,46.35,93,0,6.91,clear sky
331,Taormina,IT,37.8536,15.2885,57.69,52,91,4.05,overcast clouds
332,Keuruu,FI,62.2667,24.7,28.8,80,100,17.07,light snow
333,Payo,ID,-3.7508,103.6372,93.99,45,61,6.02,broken clouds
334,Magdagachi,RU,53.45,125.8,34.88,68,100,6.51,overcast clouds
335,Mayor Pablo Lagerenza,PY,-19.9309,-60.7718,60.42,52,79,4.23,broken clouds
336,Sao Joao Dos Patos,BR,-6.495,-43.7022,70.14,93,94,1.9,overcast clouds
337,Flin Flon,CA,54.7682,-101.865,-8.52,90,13,7.76,few clouds
338,Necochea,AR,-38.5473,-58.7368,60.78,93,100,23.96,overcast clouds
339,Laguna,US,38.421,-121.4238,61.93,73,0,6.91,clear sky
340,Paraiso,CR,9.8383,-83.8656,59.95,100,96,3.29,overcast clouds
341,Paamiut,GL,61.994,-49.6678,14.05,68,26,7.45,scattered clouds
342,Jacareacanga,BR,-6.2222,-57.7528,72.0,97,83,1.23,broken clouds
343,Egvekinot,RU,66.3167,-179.1667,-4.49,95,56,6.51,broken clouds
344,Dawson Creek,CA,55.7666,-120.2362,26.24,80,100,5.75,overcast clouds
345,Itamarandiba,BR,-17.8572,-42.8589,62.71,98,40,2.26,scattered clouds
346,Oume,JP,35.7839,139.2431,64.0,60,75,27.63,broken clouds
347,Stornoway,GB,58.2093,-6.3865,44.92,92,75,2.3,broken clouds
348,Serenje,ZM,-13.2325,30.2352,72.7,76,15,3.09,light rain
349,Chumikan,RU,54.7183,135.315,29.89,78,19,5.97,few clouds
350,Pimentel,PE,-6.8367,-79.9342,69.96,82,100,8.84,overcast clouds
351,Portland,US,45.5234,-122.6762,53.53,76,75,3.44,broken clouds
352,Salisbury,GB,51.0693,-1.7957,45.01,82,0,8.75,clear sky
353,Marfino,RU,55.7028,37.3822,41.88,60,0,13.42,clear sky
354,Bonthe,SL,7.5264,-12.505,76.15,91,96,5.32,overcast clouds
355,Ternate,ID,0.8,127.4,82.35,75,100,10.85,overcast clouds
356,Yulara,AU,-25.2406,130.9889,89.44,22,40,12.66,scattered clouds
357,Kidal,ML,18.4411,1.4078,79.25,15,13,16.42,few clouds
358,La Sarre,CA,48.8002,-79.1996,29.01,99,100,3.0,light snow
359,Camopi,GF,3.1655,-52.3158,72.82,99,100,3.4,overcast clouds
360,Lebu,CL,-37.6167,-73.65,54.12,94,26,11.27,scattered clouds
361,Funtua,NG,11.5233,7.3081,73.72,14,1,17.76,clear sky
362,Mutsu,JP,41.2894,141.2169,48.07,97,100,3.71,light rain
363,Dunedin,NZ,-45.8742,170.5036,60.8,86,75,5.01,broken clouds
364,Severo-Kurilsk,RU,50.6789,156.125,28.98,69,17,9.91,few clouds
365,Jertih,MY,5.7336,102.4897,84.99,73,100,6.46,overcast clouds
366,Rockland,US,41.1668,-74.0496,49.66,68,98,1.99,overcast clouds
367,Cusuna,HN,15.85,-85.2333,71.11,86,99,7.45,overcast clouds
368,Ilabaya,PE,-17.4208,-70.5133,65.59,68,17,0.89,few clouds
369,Ribeira Brava,PT,32.65,-17.0667,62.01,84,98,3.0,overcast clouds
370,Tura,IN,25.5198,90.2201,94.77,19,3,10.4,clear sky
371,Arlit,NE,18.7369,7.3853,78.37,11,9,4.65,clear sky
372,Rawson,AR,-43.3002,-65.1023,54.57,69,54,10.69,broken clouds
373,Mondlo,ZA,-27.983,30.7177,64.24,84,89,3.71,overcast clouds
374,Vega De Alatorre,MX,20.0333,-96.6333,66.34,68,88,8.08,overcast clouds
375,Mahendragarh,IN,28.2833,76.15,98.78,6,0,15.95,clear sky
376,Lagoa,PT,39.05,-27.9833,56.89,84,100,8.55,overcast clouds
377,Fukue,JP,32.6881,128.8419,57.07,82,100,25.99,overcast clouds
378,Kilindoni,TZ,-7.9139,39.6668,83.8,72,59,3.51,broken clouds
379,Dakar,SN,14.6937,-17.4441,63.48,84,4,12.26,clear sky
380,Caceres,ES,39.522,-6.3748,47.28,89,10,8.41,clear sky
381,Port Moresby,PG,-9.4431,147.1797,83.05,73,100,4.12,overcast clouds
382,Algiers,DZ,36.7525,3.042,57.02,82,75,8.05,mist
383,Svetlogorsk,BY,52.6333,29.7333,46.69,66,100,18.25,overcast clouds
384,Ferrol,ES,43.4832,-8.2369,58.71,82,72,4.23,broken clouds
385,Listvyanka,RU,51.8535,104.8693,30.09,57,14,2.39,few clouds
386,Zhanaozen,KZ,43.3,52.8,36.45,95,100,16.4,overcast clouds
387,Mabaruma,GY,8.2,-59.7833,72.01,97,91,3.58,overcast clouds
388,Havelock,US,34.8791,-76.9013,58.98,58,1,8.01,clear sky
389,Codrington,AU,-38.2667,141.9667,65.01,70,0,11.92,clear sky
390,Basco,PH,20.4487,121.9702,81.75,77,0,7.92,clear sky
391,Lieto,FI,60.5103,22.4618,38.93,64,100,18.41,overcast clouds
392,Kiama,AU,-34.6833,150.8667,71.26,79,64,1.01,light rain
393,Ostrovnoy,RU,68.0531,39.5131,23.18,64,100,19.26,overcast clouds
394,Goderich,CA,43.7501,-81.7165,37.9,99,100,11.59,overcast clouds
395,Kavaratti,IN,10.5669,72.642,82.09,65,0,1.25,clear sky
396,Kapit,MY,2.0167,112.9333,85.73,71,95,4.29,overcast clouds
397,Kibala,TD,9.1104,18.3463,87.46,13,17,9.53,few clouds
398,Mahendranagar,NP,28.9167,80.3333,95.36,10,0,7.25,clear sky
399,Los Llanos De Aridane,ES,28.6585,-17.9182,57.13,77,0,6.91,clear sky
400,Oranjemund,NA,-28.55,16.4333,61.12,81,0,5.44,clear sky
401,Neya,RU,58.2972,43.8681,34.56,98,100,14.58,light snow
402,Rosarito,MX,32.3333,-117.0333,65.66,75,100,6.33,overcast clouds
403,Takhli,TH,15.2634,100.3438,100.09,33,30,6.98,light rain
404,Jackson,US,42.4165,-122.8345,52.45,66,0,4.61,clear sky
405,Wladyslawowo,PL,54.7909,18.4009,47.93,87,100,17.2,overcast clouds
406,Murwillumbah,AU,-28.3167,153.4,77.13,78,75,10.36,broken clouds
407,Eseka,CM,3.65,10.7667,78.3,83,100,0.56,overcast clouds
408,Rio Gallegos,AR,-51.6226,-69.2181,55.45,54,0,11.5,clear sky
409,Tikapur,NP,28.5,81.1333,96.6,8,0,6.96,clear sky
410,Floro,NO,61.5996,5.0328,40.96,70,87,11.5,overcast clouds
411,Hyeres,FR,43.1167,6.1167,58.75,51,0,17.27,clear sky
412,Manbij,SY,36.5281,37.9549,51.53,49,0,8.61,clear sky
413,Homer,US,59.6425,-151.5483,35.8,90,100,8.01,overcast clouds
414,Conde,BR,-7.2597,-34.9075,74.66,100,0,8.05,clear sky
415,Guilin,CN,25.2819,110.2864,63.64,71,98,11.16,overcast clouds
416,Dudinka,RU,69.4058,86.1778,20.62,76,100,17.31,overcast clouds
417,Bodden Town,KY,19.2833,-81.25,77.94,82,100,2.62,overcast clouds
418,Van Buren,US,35.4368,-94.3483,51.82,57,0,5.75,clear sky
419,Zhigansk,RU,66.7697,123.3711,18.19,86,97,8.59,overcast clouds
420,Galle,LK,6.0367,80.217,82.72,73,100,10.02,overcast clouds
421,Wajid,SO,3.8093,43.2471,82.74,61,72,3.38,broken clouds
422,Teya,RU,60.3778,92.6267,28.18,92,100,10.85,light snow
423,Hit,IQ,33.6416,42.8251,57.56,39,0,13.24,clear sky
424,Tautira,PF,-17.7333,-149.15,81.52,73,86,13.24,light rain
425,Hukuntsi,BW,-24.0,21.75,68.68,69,2,9.91,clear sky
426,Lukovetskiy,RU,64.2956,41.9211,25.27,93,100,12.84,light snow
427,Tabuk,PH,17.4189,121.4443,89.73,51,10,4.38,clear sky
428,Tukuran,PH,7.8551,123.5752,84.58,72,100,4.72,light rain
429,Pisco,PE,-13.7,-76.2167,68.05,73,0,3.44,clear sky
430,Lahij,YE,13.1667,44.5833,80.82,59,24,5.23,few clouds
431,Sabirabad,AZ,40.0095,48.4752,45.99,75,100,7.23,overcast clouds
432,Chase,CA,50.8165,-119.6857,43.32,93,100,2.73,overcast clouds
433,Saquarema,BR,-22.92,-42.5103,73.76,89,34,8.1,scattered clouds
434,Sakakah,SA,29.9697,40.2064,52.7,45,6,5.03,clear sky
435,San Jeronimo,PE,-11.9472,-75.2829,50.05,92,100,0.89,overcast clouds
436,Haines Junction,CA,60.7522,-137.5108,24.75,74,40,3.44,scattered clouds
437,Sorland,NO,67.667,12.6934,35.46,51,40,20.71,scattered clouds
438,Banda Aceh,ID,5.5577,95.3222,84.52,71,32,5.03,scattered clouds
439,Vrangel,RU,42.7297,133.0839,39.11,98,100,4.97,overcast clouds
440,Tibiri,NE,13.5627,7.0485,75.78,13,4,14.97,clear sky
441,Bojnurd,IR,37.4747,57.329,47.44,41,0,7.43,clear sky
442,Gushikawa,JP,26.3544,127.8686,75.2,96,100,26.46,moderate rain
443,Manyana,BW,-23.4,21.7167,68.31,71,3,9.1,clear sky
444,Synya,RU,65.3718,58.0387,21.56,83,100,7.81,overcast clouds
445,Payson,US,40.0444,-111.7321,58.26,36,0,16.11,clear sky
446,Eyl,SO,7.9803,49.8164,83.82,51,100,12.59,overcast clouds
447,Presidencia Roque Saenz Pena,AR,-26.7852,-60.4388,57.67,74,0,4.59,clear sky
448,Tucuma,BR,-0.1833,-50.05,75.38,94,100,4.41,overcast clouds
449,Marysville,US,48.0518,-122.1771,48.54,86,20,3.44,few clouds
450,Mana,GF,5.6592,-53.7767,76.55,88,100,11.56,overcast clouds
451,Ejido,VE,8.5514,-71.2375,66.88,90,71,4.36,broken clouds
452,Podor,MR,16.6527,-14.9587,67.5,30,20,8.12,few clouds
453,Isabela,PH,6.7085,121.9711,86.0,66,30,6.98,scattered clouds
454,Ures,MX,29.4333,-110.4,69.01,13,100,3.49,overcast clouds
455,Peniche,PT,39.3558,-9.3811,54.93,85,48,13.38,scattered clouds
456,Dhidhdhoo,MV,6.8833,73.1,81.32,69,0,1.68,clear sky
457,Menongue,AO,-14.6585,17.691,68.74,83,75,2.01,broken clouds
458,Taoudenni,ML,22.6783,-3.9836,71.47,21,61,10.71,broken clouds
459,Hrubieszow,PL,50.805,23.8925,48.67,62,40,16.49,scattered clouds
460,Ban Dung,TH,17.699,103.2596,96.37,37,7,7.85,clear sky
461,Lavrentiya,RU,65.5833,-171.0,2.34,99,53,3.22,broken clouds
462,Nobres,BR,-14.7203,-56.3275,72.57,99,100,3.42,overcast clouds
463,Yerbogachen,RU,61.2767,108.0108,28.24,70,100,6.71,light snow
464,Quatre Cocos,MU,-20.2078,57.7625,86.11,70,60,10.49,broken clouds
465,Mnogovershinnyy,RU,53.9353,139.9242,25.75,88,70,4.47,broken clouds
466,Sopot,PL,54.4418,18.56,48.69,92,75,18.41,broken clouds
467,Tandil,AR,-37.3217,-59.1332,59.47,90,100,18.95,overcast clouds
468,Hay River,CA,60.8156,-115.7999,-4.04,65,75,10.36,broken clouds
469,Mazyr,BY,52.0495,29.2456,46.67,67,100,17.65,overcast clouds
470,Hofgeismar,DE,51.4833,9.4,46.06,81,0,2.3,clear sky
471,Olafsvik,IS,64.8945,-23.7142,43.45,97,100,22.57,overcast clouds
472,Mollendo,PE,-17.0231,-72.0147,67.62,88,85,8.03,overcast clouds
473,Marsa Matruh,EG,31.3525,27.2453,58.73,63,0,12.77,clear sky
474,Baijiantan,CN,45.6333,85.1833,48.7,34,76,7.38,broken clouds
475,Padampur,IN,29.6833,73.6167,100.06,7,0,9.84,clear sky
476,Saint-Joseph,RE,-21.3667,55.6167,85.1,72,7,5.57,clear sky
477,Bandarbeyla,SO,9.4942,50.8122,81.9,53,100,9.55,overcast clouds
478,Yaan,NG,7.3833,8.5667,80.53,67,100,6.44,overcast clouds
479,Sacramento,US,38.4666,-121.3177,62.19,74,0,6.91,clear sky
480,Wukari,NG,7.85,9.7833,83.32,15,45,3.94,scattered clouds
481,Garowe,SO,8.4054,48.4845,83.12,30,12,13.47,few clouds
482,Vallenar,CL,-28.5708,-70.7581,60.13,79,0,1.74,clear sky
483,Komsomolskiy,UZ,40.4272,71.7189,56.12,62,100,6.91,overcast clouds
484,Iskateley,RU,67.6803,53.1512,12.54,75,65,1.45,broken clouds
485,Nizhniy Baskunchak,RU,48.2198,46.8311,42.35,51,98,8.41,overcast clouds
486,Tuy Hoa,VN,13.0833,109.3,90.32,59,20,13.06,few clouds
487,Tutoia,BR,-2.7619,-42.2744,75.36,92,100,5.46,overcast clouds
488,Auburn,US,47.3073,-122.2284,50.59,82,100,1.01,overcast clouds
489,Namatanai,PG,-3.6667,152.4333,82.08,76,99,5.75,light rain
490,Sinnamary,GF,5.3833,-52.95,76.8,87,80,13.04,broken clouds
491,Alekseyevsk,RU,57.8406,108.3492,30.74,69,100,8.41,light snow
492,Nardaran,AZ,40.5561,50.0056,46.04,71,100,11.5,overcast clouds
493,Sibu,MY,2.3,111.8167,89.22,60,98,5.3,overcast clouds
494,Nanakuli,US,21.3906,-158.1547,73.62,73,75,5.75,broken clouds
495,Ambilobe,MG,-13.2,49.05,87.21,69,9,1.43,clear sky
496,Beatrice,US,40.2681,-96.747,37.27,69,0,3.44,clear sky
497,Sri Aman,MY,1.2376,111.4621,94.8,45,85,2.51,overcast clouds
498,Mayumba,GA,-3.432,10.6554,79.2,88,100,11.74,light rain
499,Liku,ID,-0.7275,119.8922,85.32,65,100,5.06,overcast clouds
500,Ahipara,NZ,-35.1667,173.1667,64.35,86,4,7.09,clear sky
501,Palu,ID,-0.8917,119.8707,87.04,67,77,5.06,broken clouds
502,Balkhash,KZ,46.844,74.9804,47.01,46,75,15.66,broken clouds
503,Jacmel,HT,18.2342,-72.5347,76.84,79,87,3.4,overcast clouds
504,Saint-Pierre,RE,-21.3393,55.4781,86.18,69,0,6.91,clear sky
505,Korsakov,RU,46.6328,142.7813,35.44,98,100,6.89,snow
506,Abha,SA,18.2164,42.5053,68.25,11,0,9.22,clear sky
507,Chapais,CA,49.7834,-74.8492,29.98,98,100,5.75,light snow
508,Katete,UG,-0.7818,29.7544,77.04,50,12,2.98,few clouds
509,Catuday,PH,16.2923,119.8062,85.17,64,1,12.39,clear sky
510,Dalby,AU,-27.1833,151.2667,70.99,79,100,1.01,overcast clouds
511,Nanyamba,TZ,-10.6833,39.8333,83.12,71,4,1.99,clear sky
512,Thanatpin,MM,17.2119,96.3033,95.18,25,1,8.08,clear sky
513,Vestmannaeyjar,IS,63.4427,-20.2734,46.02,95,100,21.23,light rain
514,Loandjili,CG,-4.7561,11.8578,77.58,88,100,5.75,overcast clouds
515,Rupert,US,42.6191,-113.6772,44.55,65,0,4.61,clear sky
516,Conceicao Do Araguaia,BR,-8.2578,-49.2647,71.85,95,11,1.05,few clouds
517,Aykhal,RU,66.0,111.5,18.61,83,67,7.49,broken clouds
518,Jacobabad,PK,28.281,68.4388,101.16,5,0,4.88,clear sky
519,Dongsheng,CN,39.8161,109.9776,39.63,22,3,33.64,clear sky
520,Ayan,RU,56.45,138.1667,29.07,81,18,3.44,few clouds
521,Pecos,US,31.4229,-103.4932,67.3,15,0,0.0,clear sky
522,Kotovo,RU,50.3211,44.8012,29.64,91,48,8.95,scattered clouds
523,Pasighat,IN,28.0667,95.3333,72.9,73,100,5.14,overcast clouds
524,Gwadar,PK,25.1216,62.3254,84.27,43,0,8.14,clear sky
525,Balasheyka,RU,53.2841,48.0851,33.62,99,85,8.99,overcast clouds
526,Lom Sak,TH,16.7798,101.2422,101.08,38,65,8.39,light rain
527,Korla,CN,41.7597,86.1469,55.76,28,46,19.86,scattered clouds
528,Ukiah,US,39.1502,-123.2078,52.38,79,0,1.01,clear sky
529,Nhamunda,BR,-2.1861,-56.7131,74.08,95,98,2.73,overcast clouds
530,Palmer,US,42.1584,-72.3287,45.95,68,100,6.91,overcast clouds
531,Shache,CN,38.4167,77.2406,60.13,29,0,6.62,clear sky
532,Ritchie,ZA,-29.038,24.6028,69.01,39,0,4.34,clear sky
533,San Jose,US,37.3394,-121.895,53.58,81,20,4.61,few clouds
534,Pierre,US,44.3683,-100.351,33.06,57,0,10.0,clear sky
535,Batagay-Alyta,RU,67.8006,130.4114,9.55,79,100,2.84,overcast clouds
536,Henties Bay,NA,-22.116,14.2845,62.89,87,80,1.5,broken clouds
537,Iracoubo,GF,5.4802,-53.2011,76.78,87,67,12.86,broken clouds
538,Volkhov,RU,59.9258,32.3382,32.41,95,100,12.57,light snow
539,Pontianak,ID,-0.0333,109.3333,91.38,59,75,12.66,broken clouds
540,Talnakh,RU,69.4865,88.3972,20.21,71,100,8.32,overcast clouds
541,Ucluelet,CA,48.9329,-125.5528,46.09,80,100,9.57,overcast clouds
542,Evensk,RU,61.95,159.2333,15.31,79,100,1.97,overcast clouds
543,Waitati,NZ,-45.75,170.5667,60.8,86,59,4.81,broken clouds
544,Itoman,JP,26.1247,127.6694,75.97,96,75,26.46,shower rain
545,Harper,LR,4.375,-7.7169,77.7,90,100,5.46,overcast clouds
546,Chipinge,ZW,-20.1883,32.6236,76.48,57,20,1.07,few clouds
547,Charters Towers,AU,-20.1,146.2667,88.09,33,95,15.08,overcast clouds
548,Kaeo,NZ,-35.1,173.7833,67.32,76,0,5.41,clear sky
549,Qaqortoq,GL,60.7167,-46.0333,16.02,78,48,8.32,scattered clouds
550,Bolshaya Glushitsa,RU,50.2406,43.5908,31.91,78,8,9.13,clear sky
551,Korcula,HR,42.9622,17.1369,55.94,55,80,6.69,broken clouds
552,Vila Velha,BR,-20.3297,-40.2925,76.95,92,0,6.91,clear sky
553,Botucatu,BR,-22.8858,-48.445,66.49,94,100,2.77,overcast clouds
554,Muhoroni,KE,-0.1541,35.1988,82.63,41,14,1.5,few clouds
555,Carambei,BR,-24.9178,-50.0972,61.95,97,100,3.31,overcast clouds
556,Wanlaweyn,SO,2.6185,44.8938,89.15,48,7,4.94,clear sky
557,Luganville,VU,-15.5333,167.1667,80.47,84,100,4.36,overcast clouds
558,Sao Jose Da Coroa Grande,BR,-8.8978,-35.1478,76.62,87,100,3.02,overcast clouds
559,Abong Mbang,CM,3.9833,13.1833,76.26,51,98,2.15,overcast clouds
560,Trang,TH,7.5,99.5,96.75,52,20,5.75,few clouds
561,Beya,RU,53.0533,90.9139,43.29,45,14,10.16,few clouds
562,Voyvozh,RU,62.892,54.9635,23.45,81,100,10.6,overcast clouds
563,Jining,CN,35.405,116.5814,65.25,25,100,8.03,overcast clouds
564,Clyde,US,41.3042,-82.9752,36.64,83,72,16.2,broken clouds
565,Lata,PT,40.1629,-8.3327,54.91,76,100,4.79,overcast clouds
566,Tecpan,GT,14.7623,-90.9947,51.89,94,100,6.31,overcast clouds
567,Quechultenango,MX,17.4167,-99.2167,66.74,49,100,0.63,overcast clouds
568,Kokopo,PG,-4.352,152.2633,80.76,82,100,10.85,light rain
569,Fort Nelson,CA,58.8053,-122.7002,13.59,79,100,2.3,light snow
570,Port Angeles,US,48.1181,-123.4307,47.7,83,40,3.0,scattered clouds
571,Calama,CL,-22.4667,-68.9333,43.29,31,0,13.8,clear sky
572,Baranain,ES,42.8057,-1.6773,45.64,83,0,1.99,clear sky
573,Ahuimanu,US,21.4447,-157.8378,73.36,79,75,4.61,broken clouds
574,Honiara,SB,-9.4333,159.95,77.74,92,100,3.78,heavy intensity rain
575,Boyle,US,37.6334,-84.8666,40.66,81,100,18.41,light intensity drizzle
576,Winston-Salem,US,36.0999,-80.2442,47.55,64,75,4.61,broken clouds
577,Acapulco,MX,16.8634,-99.8901,73.22,83,75,4.61,broken clouds
578,Lucea,JM,18.451,-78.1736,75.06,73,49,1.95,scattered clouds
579,Cayenne,GF,4.9333,-52.3333,80.1,1,75,8.05,broken clouds
580,Tiznit,MA,29.5833,-9.5,49.66,87,37,2.04,scattered clouds
581,Yongan,CN,39.6957,113.6871,45.91,23,82,30.58,broken clouds
582,Salta,AR,-24.7859,-65.4117,52.57,77,0,4.61,clear sky
583,Saint-Denis,FR,48.9167,2.3333,50.22,63,0,10.36,clear sky
584,Bushehr,IR,28.9684,50.8385,71.69,43,0,21.85,clear sky
585,Verkh-Usugli,RU,52.7,115.1667,30.07,63,100,9.51,light snow
586,Ivybridge,GB,50.3904,-3.9191,47.71,70,2,13.18,clear sky
587,Wanaka,NZ,-44.7,169.15,59.36,67,80,0.94,broken clouds
588,Rovaniemi,FI,66.5,25.7167,22.41,73,40,13.8,scattered clouds
589,Montes Altos,BR,-5.8333,-47.0667,71.98,95,99,2.28,overcast clouds
590,Ulaangom,MN,49.9811,92.0667,15.31,84,76,5.35,broken clouds
591,Tankara,IN,22.6667,70.7333,99.46,12,3,8.37,clear sky
592,Xam Nua,LA,20.4197,104.0439,87.4,29,0,6.85,clear sky
593,Mirnyy,RU,62.5353,113.9611,32.23,33,100,4.0,overcast clouds
594,Santa Helena,BR,-2.2311,-45.3,72.82,99,74,2.13,light rain
595,Havre-Saint-Pierre,CA,50.2334,-63.5986,28.76,93,100,27.63,overcast clouds
596,Muros,ES,42.7762,-9.0603,53.1,94,92,6.91,overcast clouds
597,Naze,JP,28.3667,129.4833,65.32,93,100,14.94,moderate rain
598,San Blas,MX,21.5167,-105.2667,64.35,66,12,3.31,few clouds
599,Rajapur,IN,25.3833,81.15,101.75,5,5,15.01,clear sky
600,Port-Gentil,GA,-0.7193,8.7815,81.18,81,99,8.55,overcast clouds
601,Pouso Alegre,BR,-22.23,-45.9364,67.84,95,97,0.34,overcast clouds
602,Leshukonskoye,RU,64.8989,45.7622,22.6,93,100,10.92,light snow
603,Camargo,MX,27.6667,-105.1667,56.73,8,66,5.86,broken clouds
604,Paramonga,PE,-10.6667,-77.8333,69.44,87,100,5.68,overcast clouds
605,Kimberley,ZA,-28.7323,24.7623,67.69,64,0,2.3,clear sky
606,Buta,CD,2.7858,24.73,77.16,76,100,2.51,overcast clouds
607,Marzuq,YE,14.4,46.4667,83.35,21,0,5.21,clear sky
608,Stege,DK,54.987,12.2846,48.06,89,100,17.65,overcast clouds
609,Charagua,BO,-19.8,-63.2167,61.3,72,100,3.33,overcast clouds
610,Manokwari,ID,-0.8667,134.0833,81.79,77,92,7.36,overcast clouds
611,Ugoofaaru,MV,5.6667,73.0,81.73,64,0,3.85,clear sky
612,Maridi,SS,4.9158,29.4742,87.96,20,20,10.0,few clouds
613,Yumen,CN,40.2833,97.2,46.87,19,24,3.69,few clouds
614,Kuching,MY,1.55,110.3333,93.22,70,40,8.05,thunderstorm
615,Mehamn,NO,71.0357,27.8492,22.53,63,100,22.37,light snow
616,Santa Maria,BR,-29.6842,-53.8069,63.03,70,100,8.99,overcast clouds
617,Comrat,MD,46.3003,28.6572,46.92,49,3,6.55,clear sky
618,Popondetta,PG,-8.7537,148.2534,84.42,73,97,5.12,overcast clouds
619,Atar,MR,20.5169,-13.0499,63.09,34,20,7.09,few clouds
620,Esil,KZ,51.9556,66.4042,28.8,88,100,15.79,overcast clouds
621,Mount Gambier,AU,-37.8333,140.7667,66.07,64,0,10.65,clear sky
622,Sao Jose De Ribamar,BR,-2.5619,-44.0542,75.58,87,99,8.7,overcast clouds
623,Taicheng,CN,38.731,113.228,52.95,20,98,30.47,overcast clouds
624,San Rafael,AR,-34.6177,-68.3301,54.21,42,0,4.16,clear sky
625,Tekari,IN,24.9333,84.8333,97.02,6,0,13.76,clear sky
626,Hadejia,NG,12.4498,10.0444,75.74,13,0,16.96,clear sky
627,Atasu,KZ,48.6814,71.6433,33.26,92,100,12.33,overcast clouds
628,Erenhot,CN,43.6475,111.9767,35.94,14,96,21.81,overcast clouds
629,Carnduff,CA,49.1667,-101.8009,11.44,83,9,7.72,clear sky
630,Vao,NC,-22.6667,167.4833,77.58,68,90,15.43,overcast clouds
631,Ust-Tsilma,RU,65.441,52.1498,21.96,87,100,5.48,overcast clouds
632,Oum Hadjer,TD,13.2954,19.6966,77.95,11,30,15.37,scattered clouds
633,Abu Dhabi,AE,24.4667,54.3667,82.51,57,0,9.22,clear sky
634,Amod,IN,21.9833,72.9,101.16,16,4,3.13,clear sky
635,Mandera,KE,3.9366,41.867,88.03,52,34,8.34,moderate rain
636,Dukat,RU,62.55,155.55,2.82,94,100,4.29,overcast clouds
637,Muriwai Beach,NZ,-36.8167,174.45,66.34,70,11,9.66,few clouds
638,Maniitsoq,GL,65.4167,-52.9,16.0,83,100,6.55,overcast clouds
639,Gijon,ES,43.5357,-5.6615,55.45,96,88,1.99,overcast clouds
640,Basay,PH,9.4087,122.64,87.67,61,100,4.81,overcast clouds
641,Puttur,IN,12.7667,75.2167,91.51,46,74,4.25,broken clouds
642,Olds,CA,51.7834,-114.102,31.05,80,100,10.36,overcast clouds
643,Tomatlan,MX,19.9333,-105.25,60.96,68,100,3.06,overcast clouds
644,Bubaque,GW,11.2833,-15.8333,76.05,58,26,10.02,scattered clouds
645,Chicama,PE,-7.8447,-79.1469,70.52,82,100,3.51,light rain
646,Khorixas,NA,-20.3667,14.9667,71.89,70,3,2.15,clear sky
647,Vila Do Maio,CV,15.1333,-23.2167,66.99,77,19,8.72,few clouds
648,Copacabana,CO,6.3463,-75.5089,66.63,98,73,2.04,broken clouds
649,Morwa,IN,22.9,73.8333,101.64,11,3,8.08,clear sky
650,Novopokrovka,UA,49.8425,36.5477,46.26,67,1,13.2,clear sky
651,Eureka,US,40.8021,-124.1637,46.67,83,80,3.15,broken clouds
652,Bandar-E Lengeh,IR,26.5579,54.8807,80.71,74,0,13.8,clear sky
653,Rocha,UY,-34.4833,-54.3333,54.61,94,6,10.42,clear sky
654,Fereydun Kenar,IR,36.6864,52.5225,55.62,71,75,6.91,broken clouds
655,Biu,NG,10.6129,12.1946,75.07,21,91,15.1,overcast clouds
656,Mackenzie,CA,55.2999,-123.1698,28.62,100,40,0.0,scattered clouds
657,San Rafael Del Sur,NI,11.8485,-86.4384,77.02,62,84,14.88,broken clouds
658,Kralendijk,BQ,12.15,-68.2667,78.78,78,75,17.27,broken clouds
659,Tashtagol,RU,52.7657,87.8894,35.4,83,7,11.97,clear sky
660,Tianmen,CN,30.6516,113.1603,63.91,49,100,8.32,overcast clouds
